Date,reach,var,term,estimate,std.error,statistic,p.value,sig_or_not,r.squared,adj.r.squared
5/17/19,upper,temp_c,dist_cum_m,2e-4,0,34.596214045157886,0,sig,0.92,0.92
5/17/19,upper,do_per,dist_cum_m,-1e-4,0,-6.630586197799103,0,sig,0.3,0.29
5/17/19,upper,do_mgl,dist_cum_m,-1e-4,0,-19.718500491073584,0,sig,0.79,0.79
5/17/19,upper,spc_uscm,dist_cum_m,-3e-4,0,-10.092869182274555,0,sig,0.5,0.49
5/17/19,upper,tds_mgl,dist_cum_m,-3e-4,0,-12.275749175639621,0,sig,0.59,0.59
5/17/19,upper,ph,dist_cum_m,-0,0,-32.373555758139965,0,sig,0.91,0.91
5/17/19,upper,chla_ugl,dist_cum_m,-0,0,-4.9046445135046595,0,sig,0.19,0.18
5/17/19,upper,fdom_qsu,dist_cum_m,-7e-4,0,-55.60599644876971,0,sig,0.97,0.97
5/17/19,upper,scan_NO3_mgNL,dist_cum_m,-0,0,-13.655757409870375,0,sig,0.64,0.64
5/17/19,upper,scan_DOC_mgCL,dist_cum_m,-0,0,-29.00111564128945,0,sig,0.89,0.89
5/17/19,upper,NO3_UM,dist_cum_m,-1e-4,1e-4,-2.7426464574101987,0.0113,sig,0.24,0.21
5/17/19,upper,NH4_UM,dist_cum_m,-1e-4,0,-3.5379823264335113,0.0017,sig,0.34,0.32
5/17/19,upper,PO4_UM,dist_cum_m,-0,0,-1.2417670773926264,0.2263,not_sig,0.06,0.02
5/17/19,upper,NO3_mgNL,dist_cum_m,-0,0,-2.74264642596312,0.0113,sig,0.24,0.21
5/17/19,upper,NH4_mgNL,dist_cum_m,-0,0,-3.5379821865000487,0.0017,sig,0.34,0.32
5/17/19,upper,PO4_mgPL,dist_cum_m,-0,0,-1.2417670773926277,0.2263,not_sig,0.06,0.02
5/17/19,upper,TDN_UM,dist_cum_m,-5e-4,1e-4,-6.835230386572203,0,sig,0.66,0.65
5/17/19,upper,TDN_mgNL,dist_cum_m,-0,0,-6.835230399566467,0,sig,0.66,0.65
5/17/19,upper,TDP_UM,dist_cum_m,-0,0,-2.740976655481725,0.0114,sig,0.24,0.21
5/17/19,upper,TDP_mgPL,dist_cum_m,-0,0,-2.74097665548172,0.0114,sig,0.24,0.21
5/17/19,upper,TN_UM,dist_cum_m,-3e-4,1e-4,-5.785235355030484,0,sig,0.58,0.56
5/17/19,upper,TN_mgNL,dist_cum_m,-0,0,-5.785235370025523,0,sig,0.58,0.56
5/17/19,upper,TP_UM,dist_cum_m,-0,0,-0.7995923143593506,0.4318,not_sig,0.03,-0.01
5/17/19,upper,TP_mgPL,dist_cum_m,-0,0,-0.7995923143593583,0.4318,not_sig,0.03,-0.01
5/17/19,upper,tss_mgL,dist_cum_m,1e-4,1e-4,0.9734405593786053,0.34,not_sig,0.04,-0
5/17/19,upper,NPOC_mgCL,dist_cum_m,-0,0,-2.9030463991454587,0.0078,sig,0.26,0.23
5/17/19,upper,Al_ppb_0.45,dist_cum_m,0,1e-4,0.09998621648370355,0.9212,not_sig,0,-0.04
5/17/19,upper,Si_ppb_0.45,dist_cum_m,-0.002,0.0033,-0.5937257109280321,0.5583,not_sig,0.01,-0.03
5/17/19,upper,P_ppb_0.45,dist_cum_m,-1e-4,0,-3.7214194359384867,0.0011,sig,0.37,0.34
5/17/19,upper,Mn_ppb_0.45,dist_cum_m,0.0013,3e-4,3.679076817188868,0.0012,sig,0.36,0.33
5/17/19,upper,Fe_ppb_0.45,dist_cum_m,0.0021,5e-4,4.07386847900648,4e-4,sig,0.41,0.38
5/17/19,upper,PN,dist_cum_m,0,0,1.8247140608592776,0.0805,not_sig,0.12,0.09
5/17/19,upper,DON,dist_cum_m,-0,0,-4.274660296906903,3e-4,sig,0.43,0.41
5/17/19,upper,PP,dist_cum_m,0,0,0.11412340058245739,0.9101,not_sig,0,-0.04
5/17/19,upper,DOP,dist_cum_m,-0,0,-1.0117270843286505,0.3218,not_sig,0.04,0
5/17/19,upper,TN_TP,dist_cum_m,-3e-4,5e-4,-0.6202586806916776,0.5409,not_sig,0.02,-0.03
5/17/19,upper,DIN_SRP,dist_cum_m,2e-4,9e-4,0.2280980822033988,0.8215,not_sig,0,-0.04
5/17/19,upper,DOC_TN,dist_cum_m,0,0,0.08717274364377807,0.9313,not_sig,0,-0.04
5/17/19,upper,DOC_TP,dist_cum_m,-0.0018,0.0036,-0.49707581098149556,0.6237,not_sig,0.01,-0.03
5/17/19,upper,DOC_DIN,dist_cum_m,0,0,0.046648092324094774,0.9632,not_sig,0,-0.04
5/17/19,upper,DOC_SRP,dist_cum_m,0.0025,0.0126,0.2014501841478809,0.842,not_sig,0,-0.04
5/17/19,lower,temp_c,dist_cum_m,4e-4,2e-4,2.5029639621461075,0.0189,sig,0.19,0.16
5/17/19,lower,do_per,dist_cum_m,-0.0015,5e-4,-3.2989568696594787,0.0028,sig,0.3,0.27
5/17/19,lower,do_mgl,dist_cum_m,-3e-4,1e-4,-3.3286240358347605,0.0026,sig,0.3,0.27
5/17/19,lower,spc_uscm,dist_cum_m,-0.0041,5e-4,-7.64610743606284,0,sig,0.69,0.68
5/17/19,lower,tds_mgl,dist_cum_m,-0.0026,3e-4,-7.494447730347537,0,sig,0.68,0.67
5/17/19,lower,ph,dist_cum_m,-1e-4,0,-9.844313140276231,0,sig,0.79,0.78
5/17/19,lower,chla_ugl,dist_cum_m,1e-4,0,2.63156801390387,0.0141,sig,0.21,0.18
5/17/19,lower,fdom_qsu,dist_cum_m,0.0051,6e-4,7.976262200166287,0,sig,0.71,0.7
5/17/19,lower,scan_NO3_mgNL,dist_cum_m,-0,0,-6.548241948204442,0,sig,0.62,0.61
5/17/19,lower,scan_DOC_mgCL,dist_cum_m,4e-4,1e-4,6.053816649121872,0,sig,0.58,0.57
5/17/19,lower,NO3_UM,dist_cum_m,-0.0032,9e-4,-3.562382569391435,0.0119,sig,0.68,0.63
5/17/19,lower,NH4_UM,dist_cum_m,-2e-4,3e-4,-0.6865028628584018,0.518,not_sig,0.07,-0.08
5/17/19,lower,PO4_UM,dist_cum_m,-0,0,-3.9555388108898617,0.0075,sig,0.72,0.68
5/17/19,lower,NO3_mgNL,dist_cum_m,-0,0,-3.562382589452507,0.0119,sig,0.68,0.63
5/17/19,lower,NH4_mgNL,dist_cum_m,-0,0,-0.6865028944485884,0.518,not_sig,0.07,-0.08
5/17/19,lower,PO4_mgPL,dist_cum_m,-0,0,-3.955538810889863,0.0075,sig,0.72,0.68
5/17/19,lower,TDN_UM,dist_cum_m,-0.0018,8e-4,-2.337443681647022,0.058,not_sig,0.48,0.39
5/17/19,lower,TDN_mgNL,dist_cum_m,-0,0,-2.3374436472644518,0.058,not_sig,0.48,0.39
5/17/19,lower,TDP_UM,dist_cum_m,-0,0,-0.9015724161573412,0.402,not_sig,0.12,-0.03
5/17/19,lower,TDP_mgPL,dist_cum_m,-0,0,-0.9015724161573399,0.402,not_sig,0.12,-0.03
5/17/19,lower,TN_UM,dist_cum_m,-0.005,0.0016,-3.0792210616606455,0.0217,sig,0.61,0.55
5/17/19,lower,TN_mgNL,dist_cum_m,-1e-4,0,-3.0792210834083793,0.0217,sig,0.61,0.55
5/17/19,lower,TP_UM,dist_cum_m,-0,0,-0.029836369758657184,0.9772,not_sig,0,-0.17
5/17/19,lower,TP_mgPL,dist_cum_m,-0,0,-0.029836369758648194,0.9772,not_sig,0,-0.17
5/17/19,lower,tss_mgL,dist_cum_m,-3e-4,6e-4,-0.4743586118975499,0.6552,not_sig,0.04,-0.15
5/17/19,lower,NPOC_mgCL,dist_cum_m,9e-4,9e-4,0.9885777627224073,0.361,not_sig,0.14,-0
5/17/19,lower,Al_ppb_0.45,dist_cum_m,0.0024,4e-4,6.119289842656341,9e-4,sig,0.86,0.84
5/17/19,lower,Si_ppb_0.45,dist_cum_m,-0.271,0.0842,-3.219615957307037,0.0181,sig,0.63,0.57
5/17/19,lower,P_ppb_0.45,dist_cum_m,-4e-4,4e-4,-1.0453138199297287,0.3362,not_sig,0.15,0.01
5/17/19,lower,Mn_ppb_0.45,dist_cum_m,-0.0094,0.0039,-2.4115333216925623,0.0525,not_sig,0.49,0.41
5/17/19,lower,Fe_ppb_0.45,dist_cum_m,0.0015,0.004,0.376813862665416,0.7193,not_sig,0.02,-0.14
5/17/19,lower,PN,dist_cum_m,-0,0,-0.5959540891034603,0.573,not_sig,0.06,-0.1
5/17/19,lower,DON,dist_cum_m,0,0,1.4100523608758715,0.2082,not_sig,0.25,0.12
5/17/19,lower,PP,dist_cum_m,0,0,0.9848898476534917,0.3627,not_sig,0.14,-0
5/17/19,lower,DOP,dist_cum_m,0,0,0.43899261494725833,0.676,not_sig,0.03,-0.13
5/17/19,lower,TN_TP,dist_cum_m,-0.009,0.0028,-3.222534372783337,0.0181,sig,0.63,0.57
5/17/19,lower,DIN_SRP,dist_cum_m,0.0449,0.0127,3.536943617971486,0.0123,sig,0.68,0.62
5/17/19,lower,DOC_TN,dist_cum_m,0.003,0.0019,1.5762742782187893,0.166,not_sig,0.29,0.17
5/17/19,lower,DOC_TP,dist_cum_m,0.1265,0.1309,0.966927615694476,0.3709,not_sig,0.13,-0.01
5/17/19,lower,DOC_DIN,dist_cum_m,0.0046,0.003,1.5582724710196116,0.1702,not_sig,0.29,0.17
5/17/19,lower,DOC_SRP,dist_cum_m,1.4897,0.6065,2.456209300719538,0.0494,sig,0.5,0.42
7/3/19,upper,temp_c,dist_cum_m,3e-4,0,22.311423027901487,0,sig,0.84,0.83
7/3/19,upper,do_per,dist_cum_m,8e-4,1e-4,8.681090884025988,0,sig,0.43,0.43
7/3/19,upper,do_mgl,dist_cum_m,0,0,2.1878355879745977,0.0311,sig,0.05,0.04
7/3/19,upper,spc_uscm,dist_cum_m,-3e-4,1e-4,-5.057184005742909,0,sig,0.21,0.2
7/3/19,upper,tds_mgl,dist_cum_m,-2e-4,0,-5.230912276069276,0,sig,0.22,0.21
7/3/19,upper,ph,dist_cum_m,-0,0,-12.68709507297248,0,sig,0.62,0.62
7/3/19,upper,chla_ugl,dist_cum_m,1e-4,0,12.194616004457153,0,sig,0.6,0.6
7/3/19,upper,fdom_qsu,dist_cum_m,2e-4,0,7.170657523935468,0,sig,0.34,0.34
7/3/19,upper,scan_NO3_mgNL,dist_cum_m,-0,0,-23.328477396811337,0,sig,0.85,0.85
7/3/19,upper,scan_DOC_mgCL,dist_cum_m,0,0,23.497706063836183,0,sig,0.85,0.85
7/3/19,upper,NO3_UM,dist_cum_m,-7e-4,2e-4,-4.418019732356492,2e-4,sig,0.47,0.45
7/3/19,upper,NH4_UM,dist_cum_m,-2e-4,0,-6.468164086487192,0,sig,0.66,0.64
7/3/19,upper,PO4_UM,dist_cum_m,0,0,0.11294245136750349,0.9111,not_sig,0,-0.04
7/3/19,upper,NO3_mgNL,dist_cum_m,-0,0,-4.418019723955707,2e-4,sig,0.47,0.45
7/3/19,upper,NH4_mgNL,dist_cum_m,-0,0,-6.468163967626979,0,sig,0.66,0.64
7/3/19,upper,PO4_mgPL,dist_cum_m,0,0,0.1129424513675025,0.9111,not_sig,0,-0.04
7/3/19,upper,TDN_UM,dist_cum_m,-6e-4,3e-4,-1.7656510468181843,0.0913,not_sig,0.12,0.08
7/3/19,upper,TDN_mgNL,dist_cum_m,-0,0,-1.765651060261145,0.0913,not_sig,0.12,0.08
7/3/19,upper,TDP_UM,dist_cum_m,0,0,0.8013702801171485,0.4315,not_sig,0.03,-0.02
7/3/19,upper,TDP_mgPL,dist_cum_m,0,0,0.8013702801171465,0.4315,not_sig,0.03,-0.02
7/3/19,upper,TN_UM,dist_cum_m,-3e-4,2e-4,-1.3025695879656929,0.2062,not_sig,0.07,0.03
7/3/19,upper,TN_mgNL,dist_cum_m,-0,0,-1.3025695763724738,0.2062,not_sig,0.07,0.03
7/3/19,upper,TP_UM,dist_cum_m,0,0,0.12115383084432726,0.9047,not_sig,0,-0.04
7/3/19,upper,TP_mgPL,dist_cum_m,0,0,0.12115383084432244,0.9047,not_sig,0,-0.04
7/3/19,upper,tss_mgL,dist_cum_m,2e-4,1e-4,2.2788329399983698,0.0327,sig,0.19,0.15
7/3/19,upper,NPOC_mgCL,dist_cum_m,0,0,1.9197902225037067,0.0679,not_sig,0.14,0.1
7/3/19,upper,Al_ppb_0.45,dist_cum_m,-0.001,6e-4,-1.7915874518035628,0.0876,not_sig,0.13,0.09
7/3/19,upper,Si_ppb_0.45,dist_cum_m,-0.01,0.0037,-2.7239489642310586,0.0127,sig,0.26,0.23
7/3/19,upper,P_ppb_0.45,dist_cum_m,-2e-4,2e-4,-0.8816755725020001,0.3879,not_sig,0.04,-0.01
7/3/19,upper,Mn_ppb_0.45,dist_cum_m,-1e-4,7e-4,-0.21968057568963398,0.8282,not_sig,0,-0.05
7/3/19,upper,Fe_ppb_0.45,dist_cum_m,0.0031,0.0022,1.4034767146890508,0.1751,not_sig,0.09,0.04
7/3/19,upper,PN,dist_cum_m,0,0,0.9681504628907918,0.3435,not_sig,0.04,-0
7/3/19,upper,DON,dist_cum_m,0,0,1.3010286479766973,0.2067,not_sig,0.07,0.03
7/3/19,upper,PP,dist_cum_m,0,0,0.03899701951392016,0.9692,not_sig,0,-0.05
7/3/19,upper,DOP,dist_cum_m,0,0,1.0669597617120212,0.2976,not_sig,0.05,0.01
7/3/19,upper,TN_TP,dist_cum_m,-2e-4,0.0023,-0.06677237865455511,0.9474,not_sig,0,-0.05
7/3/19,upper,DIN_SRP,dist_cum_m,-0.0209,0.0093,-2.2420809188825905,0.0354,sig,0.19,0.15
7/3/19,upper,DOC_TN,dist_cum_m,1e-4,0,2.436412200562331,0.0234,sig,0.21,0.18
7/3/19,upper,DOC_TP,dist_cum_m,0.0088,0.0175,0.5032802243582832,0.6198,not_sig,0.01,-0.03
7/3/19,upper,DOC_DIN,dist_cum_m,5e-4,1e-4,4.346218917941057,3e-4,sig,0.46,0.44
7/3/19,upper,DOC_SRP,dist_cum_m,-0.0503,0.0931,-0.5399516036654406,0.5947,not_sig,0.01,-0.03
7/3/19,lower,temp_c,dist_cum_m,3e-4,1e-4,2.2780351278110613,0.0303,sig,0.15,0.12
7/3/19,lower,do_per,dist_cum_m,4e-4,4e-4,0.8753095134340036,0.3886,not_sig,0.03,-0.01
7/3/19,lower,do_mgl,dist_cum_m,-0,0,-0.3584977801968532,0.7226,not_sig,0,-0.03
7/3/19,lower,spc_uscm,dist_cum_m,-9e-4,4e-4,-2.186115738164959,0.037,sig,0.14,0.11
7/3/19,lower,tds_mgl,dist_cum_m,-5e-4,2e-4,-2.286444947048101,0.0297,sig,0.15,0.12
7/3/19,lower,ph,dist_cum_m,-0,0,-4.2549332446309975,2e-4,sig,0.38,0.36
7/3/19,lower,chla_ugl,dist_cum_m,2e-4,1e-4,1.8467357451557445,0.075,not_sig,0.11,0.07
7/3/19,lower,fdom_qsu,dist_cum_m,0.002,3e-4,6.810515701273991,0,sig,0.62,0.6
7/3/19,lower,scan_NO3_mgNL,dist_cum_m,-0,0,-3.8745489534495654,6e-4,sig,0.34,0.32
7/3/19,lower,scan_DOC_mgCL,dist_cum_m,3e-4,1e-4,5.248150646394393,0,sig,0.49,0.47
7/3/19,lower,NO3_UM,dist_cum_m,-0.0058,0.0026,-2.2220794902995378,0.068,not_sig,0.45,0.36
7/3/19,lower,NH4_UM,dist_cum_m,1e-4,3e-4,0.30460833810608556,0.771,not_sig,0.02,-0.15
7/3/19,lower,PO4_UM,dist_cum_m,0,0,0.028900913454893193,0.9779,not_sig,0,-0.17
7/3/19,lower,NO3_mgNL,dist_cum_m,-1e-4,0,-2.222079486974109,0.068,not_sig,0.45,0.36
7/3/19,lower,NH4_mgNL,dist_cum_m,0,0,0.3046083107483825,0.771,not_sig,0.02,-0.15
7/3/19,lower,PO4_mgPL,dist_cum_m,0,0,0.028900913454893828,0.9779,not_sig,0,-0.17
7/3/19,lower,TDN_UM,dist_cum_m,-0.0027,0.0011,-2.3828465778816046,0.0546,not_sig,0.49,0.4
7/3/19,lower,TDN_mgNL,dist_cum_m,-0,0,-2.382846590427121,0.0546,not_sig,0.49,0.4
7/3/19,lower,TDP_UM,dist_cum_m,1e-4,0,2.6137883463808937,0.0399,sig,0.53,0.45
7/3/19,lower,TDP_mgPL,dist_cum_m,0,0,2.6137883463808933,0.0399,sig,0.53,0.45
7/3/19,lower,TN_UM,dist_cum_m,-0.0026,0.0014,-1.899062714979829,0.1063,not_sig,0.38,0.27
7/3/19,lower,TN_mgNL,dist_cum_m,-0,0,-1.8990627239053808,0.1063,not_sig,0.38,0.27
7/3/19,lower,TP_UM,dist_cum_m,1e-4,0,2.699119785044745,0.0356,sig,0.55,0.47
7/3/19,lower,TP_mgPL,dist_cum_m,0,0,2.6991197850447484,0.0356,sig,0.55,0.47
7/3/19,lower,tss_mgL,dist_cum_m,-2e-4,4e-4,-0.37245199750803176,0.7224,not_sig,0.02,-0.14
7/3/19,lower,NPOC_mgCL,dist_cum_m,5e-4,2e-4,2.912020983343597,0.0269,sig,0.59,0.52
7/3/19,lower,Al_ppb_0.45,dist_cum_m,5e-4,4e-4,1.160442294161108,0.29,not_sig,0.18,0.05
7/3/19,lower,Si_ppb_0.45,dist_cum_m,-0.2551,0.1472,-1.7328949421333946,0.1338,not_sig,0.33,0.22
7/3/19,lower,P_ppb_0.45,dist_cum_m,0.0024,0.0013,1.7757086329328349,0.1261,not_sig,0.34,0.24
7/3/19,lower,Mn_ppb_0.45,dist_cum_m,0.0073,0.0081,0.9038887257357856,0.4009,not_sig,0.12,-0.03
7/3/19,lower,Fe_ppb_0.45,dist_cum_m,0.0486,0.007,6.955240773334904,4e-4,sig,0.89,0.87
7/3/19,lower,PN,dist_cum_m,0,0,0.10316053518131389,0.9212,not_sig,0,-0.16
7/3/19,lower,DON,dist_cum_m,0,0,2.157729944184854,0.0743,not_sig,0.44,0.34
7/3/19,lower,PP,dist_cum_m,0,0,0.9488171296123659,0.3793,not_sig,0.13,-0.01
7/3/19,lower,DOP,dist_cum_m,0,0,2.6545476941646515,0.0378,sig,0.54,0.46
7/3/19,lower,TN_TP,dist_cum_m,-0.0152,0.0042,-3.6393079895366895,0.0108,sig,0.69,0.64
7/3/19,lower,DIN_SRP,dist_cum_m,-0.0737,0.0488,-1.5109360164827024,0.1816,not_sig,0.28,0.15
7/3/19,lower,DOC_TN,dist_cum_m,0.0015,5e-4,2.742844124710976,0.0336,sig,0.56,0.48
7/3/19,lower,DOC_TP,dist_cum_m,-0.0174,0.0204,-0.8526516378437894,0.4266,not_sig,0.11,-0.04
7/3/19,lower,DOC_DIN,dist_cum_m,0.0111,0.0054,2.052900706252872,0.0859,not_sig,0.41,0.31
7/3/19,lower,DOC_SRP,dist_cum_m,0.2054,0.4371,0.4698267377177096,0.6551,not_sig,0.04,-0.13
8/14/19,upper,temp_c,dist_cum_m,3e-4,0,14.727529980430639,0,sig,0.69,0.69
8/14/19,upper,do_per,dist_cum_m,-0,2e-4,-0.230059553669554,0.8185,not_sig,0,-0.01
8/14/19,upper,do_mgl,dist_cum_m,-0,0,-3.1704860809145865,0.002,sig,0.09,0.08
8/14/19,upper,spc_uscm,dist_cum_m,0.0053,1e-4,61.96877425847327,0,sig,0.98,0.98
8/14/19,upper,tds_mgl,dist_cum_m,0.0034,1e-4,60.32911203954973,0,sig,0.97,0.97
8/14/19,upper,ph,dist_cum_m,-0,0,-6.3947687687620425,0,sig,0.3,0.29
8/14/19,upper,chla_ugl,dist_cum_m,0,0,7.898217471445482,0,sig,0.39,0.39
8/14/19,upper,fdom_qsu,dist_cum_m,-0.0018,1e-4,-19.864708378873317,0,sig,0.8,0.8
8/14/19,upper,scan_NO3_mgNL,dist_cum_m,0,0,6.249974998745014,0,sig,0.29,0.28
8/14/19,upper,scan_DOC_mgCL,dist_cum_m,-2e-4,0,-51.804601156778794,0,sig,0.97,0.96
8/14/19,upper,NO3_UM,dist_cum_m,1e-4,0,2.833504684014218,0.011,sig,0.31,0.27
8/14/19,upper,NH4_UM,dist_cum_m,0,0,0.7062605986851161,0.4891,not_sig,0.03,-0.03
8/14/19,upper,PO4_UM,dist_cum_m,0,0,0.9776358546921341,0.3412,not_sig,0.05,-0
8/14/19,upper,NO3_mgNL,dist_cum_m,0,0,2.8391701912451444,0.0109,sig,0.31,0.27
8/14/19,upper,NH4_mgNL,dist_cum_m,0,0,0.6938895388843385,0.4966,not_sig,0.03,-0.03
8/14/19,upper,PO4_mgPL,dist_cum_m,0,0,0.32173070463943754,0.7514,not_sig,0.01,-0.05
8/14/19,upper,TDN_UM,dist_cum_m,-0.001,3e-4,-3.7786709604986215,0.0013,sig,0.43,0.4
8/14/19,upper,TDN_mgNL,dist_cum_m,-0,0,-3.7786709658321254,0.0013,sig,0.43,0.4
8/14/19,upper,TDP_UM,dist_cum_m,0,0,1.6664211092197705,0.112,not_sig,0.13,0.08
8/14/19,upper,TDP_mgPL,dist_cum_m,0,0,1.6664211092197694,0.112,not_sig,0.13,0.08
8/14/19,upper,TN_UM,dist_cum_m,-3e-4,2e-4,-1.8430048923298907,0.081,not_sig,0.15,0.11
8/14/19,upper,TN_mgNL,dist_cum_m,-0,0,-1.843004866670886,0.081,not_sig,0.15,0.11
8/14/19,upper,TP_UM,dist_cum_m,0,0,2.2206981948103386,0.0387,sig,0.21,0.16
8/14/19,upper,TP_mgPL,dist_cum_m,0,0,2.2206981948103444,0.0387,sig,0.21,0.16
8/14/19,upper,tss_mgL,dist_cum_m,2e-4,1e-4,2.066919415218574,0.0526,not_sig,0.18,0.14
8/14/19,upper,NPOC_mgCL,dist_cum_m,-2e-4,0,-9.350263112010191,0,sig,0.82,0.81
8/14/19,upper,Al_ppb_0.45,dist_cum_m,0,1e-4,0.10773771353454625,0.9154,not_sig,0,-0.05
8/14/19,upper,Si_ppb_0.45,dist_cum_m,-0.0911,0.0033,-27.443767415261977,0,sig,0.98,0.98
8/14/19,upper,P_ppb_0.45,dist_cum_m,-1e-4,1e-4,-1.4409879401033943,0.1668,not_sig,0.1,0.05
8/14/19,upper,Mn_ppb_0.45,dist_cum_m,-6e-4,5e-4,-1.2861182958570807,0.2147,not_sig,0.08,0.03
8/14/19,upper,Fe_ppb_0.45,dist_cum_m,0.0024,0.0023,1.0234582903562657,0.3197,not_sig,0.05,0
8/14/19,upper,PN,dist_cum_m,0,0,2.267897905025141,0.0352,sig,0.21,0.17
8/14/19,upper,DON,dist_cum_m,-0,0,-4.9471151920749445,1e-4,sig,0.58,0.55
8/14/19,upper,PP,dist_cum_m,0,0,0.43946977253535535,0.6653,not_sig,0.01,-0.04
8/14/19,upper,DOP,dist_cum_m,0,0,0.8128765343407113,0.4269,not_sig,0.04,-0.02
8/14/19,upper,TN_TP,dist_cum_m,-0.0011,3e-4,-4.321652656566862,4e-4,sig,0.5,0.47
8/14/19,upper,DIN_SRP,dist_cum_m,-0.0045,0.0054,-0.8249900256864187,0.4202,not_sig,0.04,-0.02
8/14/19,upper,DOC_TN,dist_cum_m,-3e-4,1e-4,-6.010417212549789,0,sig,0.66,0.64
8/14/19,upper,DOC_TP,dist_cum_m,-0.0236,0.0035,-6.751452682278336,0,sig,0.71,0.69
8/14/19,upper,DOC_DIN,dist_cum_m,-9e-4,1e-4,-11.131667625388566,0,sig,0.87,0.87
8/14/19,upper,DOC_SRP,dist_cum_m,-0.2791,0.0964,-2.896474635275891,0.0096,sig,0.32,0.28
8/14/19,lower,temp_c,dist_cum_m,0,2e-4,0.07916228381638316,0.9375,not_sig,0,-0.04
8/14/19,lower,do_per,dist_cum_m,-0.0012,8e-4,-1.4714363305038463,0.1536,not_sig,0.08,0.04
8/14/19,lower,do_mgl,dist_cum_m,-1e-4,0,-2.024092566851232,0.0538,not_sig,0.14,0.11
8/14/19,lower,spc_uscm,dist_cum_m,3e-4,1e-4,3.826109426627734,8e-4,sig,0.37,0.34
8/14/19,lower,tds_mgl,dist_cum_m,-0,0,-1.719831260861464,0.0978,not_sig,0.49,0.47
8/14/19,lower,ph,dist_cum_m,-0,0,-1.1231903499465539,0.272,not_sig,0.05,0.01
8/14/19,lower,chla_ugl,dist_cum_m,-0,0,-0.6915071040600574,0.4956,not_sig,0.02,-0.02
8/14/19,lower,fdom_qsu,dist_cum_m,-1e-4,2e-4,-0.2986924064420189,0.7676,not_sig,0,-0.04
8/14/19,lower,scan_NO3_mgNL,dist_cum_m,0,0,5.149097790347466,0,sig,0.51,0.5
8/14/19,lower,scan_DOC_mgCL,dist_cum_m,0,0,0.5047671969473851,0.6181,not_sig,0.01,-0.03
8/14/19,lower,NO3_UM,dist_cum_m,3e-4,3e-4,1.331231860194296,0.2406,not_sig,0.26,0.11
8/14/19,lower,NH4_UM,dist_cum_m,2e-4,1e-4,3.4765068171990907,0.0177,sig,0.71,0.65
8/14/19,lower,PO4_UM,dist_cum_m,-0,0,-0.41778354540356794,0.6934,not_sig,0.03,-0.16
8/14/19,lower,NO3_mgNL,dist_cum_m,0,0,1.325755182231382,0.2423,not_sig,0.26,0.11
8/14/19,lower,NH4_mgNL,dist_cum_m,0,0,3.70875850427833,0.0139,sig,0.73,0.68
8/14/19,lower,PO4_mgPL,dist_cum_m,-0,0,-0.013804018540001777,0.9895,not_sig,0,-0.2
8/14/19,lower,TDN_UM,dist_cum_m,4e-4,7e-4,0.6008551152929641,0.5741,not_sig,0.07,-0.12
8/14/19,lower,TDN_mgNL,dist_cum_m,0,0,0.6008551096380446,0.5741,not_sig,0.07,-0.12
8/14/19,lower,TDP_UM,dist_cum_m,-0,0,-2.1706380476040836,0.0821,not_sig,0.49,0.38
8/14/19,lower,TDP_mgPL,dist_cum_m,-0,0,-2.1706380476040845,0.0821,not_sig,0.49,0.38
8/14/19,lower,TN_UM,dist_cum_m,7e-4,0.0011,0.6450562949833776,0.5473,not_sig,0.08,-0.11
8/14/19,lower,TN_mgNL,dist_cum_m,0,0,0.6450562986119751,0.5473,not_sig,0.08,-0.11
8/14/19,lower,TP_UM,dist_cum_m,-0,0,-0.867670612409517,0.4253,not_sig,0.13,-0.04
8/14/19,lower,TP_mgPL,dist_cum_m,-0,0,-0.8676706124095189,0.4253,not_sig,0.13,-0.04
8/14/19,lower,tss_mgL,dist_cum_m,6e-4,8e-4,0.786149519942732,0.4674,not_sig,0.11,-0.07
8/14/19,lower,NPOC_mgCL,dist_cum_m,-0,0,-0.5179371827360127,0.6266,not_sig,0.05,-0.14
8/14/19,lower,Al_ppb_0.45,dist_cum_m,-0.0014,0.002,-0.689078308463354,0.5214,not_sig,0.09,-0.1
8/14/19,lower,Si_ppb_0.45,dist_cum_m,0.0145,0.0194,0.745848718115341,0.4893,not_sig,0.1,-0.08
8/14/19,lower,P_ppb_0.45,dist_cum_m,-3e-4,8e-4,-0.39825768568726794,0.7069,not_sig,0.03,-0.16
8/14/19,lower,Mn_ppb_0.45,dist_cum_m,-5e-4,8e-4,-0.6856448385734866,0.5234,not_sig,0.09,-0.1
8/14/19,lower,Fe_ppb_0.45,dist_cum_m,0.006,0.0078,0.767714293507575,0.4773,not_sig,0.11,-0.07
8/14/19,lower,PN,dist_cum_m,0,0,0.17558095751803834,0.8675,not_sig,0.01,-0.19
8/14/19,lower,DON,dist_cum_m,-0,0,-0.2709425331794021,0.7973,not_sig,0.01,-0.18
8/14/19,lower,PP,dist_cum_m,-0,0,-0.4206088468238803,0.6915,not_sig,0.03,-0.16
8/14/19,lower,DOP,dist_cum_m,-0,0,-2.3260933362479776,0.0675,not_sig,0.52,0.42
8/14/19,lower,TN_TP,dist_cum_m,0.0029,0.0013,2.2945897573322998,0.0702,not_sig,0.51,0.42
8/14/19,lower,DIN_SRP,dist_cum_m,0.0301,0.0295,1.0219327244458227,0.3537,not_sig,0.17,0.01
8/14/19,lower,DOC_TN,dist_cum_m,-2e-4,2e-4,-0.870186712532342,0.424,not_sig,0.13,-0.04
8/14/19,lower,DOC_TP,dist_cum_m,0.0123,0.0169,0.7288721306458578,0.4988,not_sig,0.1,-0.08
8/14/19,lower,DOC_DIN,dist_cum_m,-6e-4,3e-4,-1.9756788681396296,0.1052,not_sig,0.44,0.33
8/14/19,lower,DOC_SRP,dist_cum_m,0.2858,0.4003,0.7141153784892385,0.5071,not_sig,0.09,-0.09
10/21/19,upper,temp_c,dist_cum_m,1e-4,0,13.432993812251814,0,sig,0.65,0.64
10/21/19,upper,do_per,dist_cum_m,-4e-4,0,-25.81680095556296,0,sig,0.87,0.87
10/21/19,upper,do_mgl,dist_cum_m,-1e-4,0,-27.167452984627865,0,sig,0.88,0.88
10/21/19,upper,spc_uscm,dist_cum_m,-1e-4,0,-3.138898577653295,0.0022,sig,0.09,0.08
10/21/19,upper,tds_mgl,dist_cum_m,-0,0,-1.3970243194517213,0.1656,not_sig,0.02,0.01
10/21/19,upper,ph,dist_cum_m,-0,0,-12.809362083759526,0,sig,0.63,0.62
10/21/19,upper,chla_ugl,dist_cum_m,0,0,1.801270543631436,0.0747,not_sig,0.03,0.02
10/21/19,upper,fdom_qsu,dist_cum_m,-4e-4,0,-12.848188649387586,0,sig,0.63,0.62
10/21/19,upper,scan_NO3_mgNL,dist_cum_m,0,0,0.6561275477840638,0.5139,not_sig,0.01,-0.01
10/21/19,upper,scan_DOC_mgCL,dist_cum_m,-0,0,-9.082242595318236,0,sig,0.54,0.54
10/21/19,upper,NO3_UM,dist_cum_m,2e-4,0,7.729471787678315,0,sig,0.76,0.75
10/21/19,upper,NH4_UM,dist_cum_m,0,0,2.2499691146698737,0.0365,sig,0.21,0.17
10/21/19,upper,PO4_UM,dist_cum_m,0,0,2.099918804360305,0.0493,sig,0.19,0.15
10/21/19,upper,NO3_mgNL,dist_cum_m,0,0,8.056213549562367,0,sig,0.77,0.76
10/21/19,upper,NH4_mgNL,dist_cum_m,0,0,2.2431740781931566,0.037,sig,0.21,0.17
10/21/19,upper,PO4_mgPL,dist_cum_m,0,0,1.819130092624313,0.0847,not_sig,0.15,0.1
10/21/19,upper,TDN_UM,dist_cum_m,-0,1e-4,-0.0103940963357477,0.9918,not_sig,0,-0.05
10/21/19,upper,TDN_mgNL,dist_cum_m,-0,0,-0.010394088079710814,0.9918,not_sig,0,-0.05
10/21/19,upper,TDP_UM,dist_cum_m,0,0,1.3874624467660317,0.1814,not_sig,0.09,0.04
10/21/19,upper,TDP_mgPL,dist_cum_m,0,0,1.3874624467660341,0.1814,not_sig,0.09,0.04
10/21/19,upper,TN_UM,dist_cum_m,-2e-4,1e-4,-2.0304307375606165,0.0565,not_sig,0.18,0.14
10/21/19,upper,TN_mgNL,dist_cum_m,-0,0,-2.0304307699802755,0.0565,not_sig,0.18,0.14
10/21/19,upper,TP_UM,dist_cum_m,-0,0,-0.45670197037518556,0.6531,not_sig,0.01,-0.04
10/21/19,upper,TP_mgPL,dist_cum_m,-0,0,-0.45670197037516747,0.6531,not_sig,0.01,-0.04
10/21/19,upper,tss_mgL,dist_cum_m,2e-4,1e-4,2.514392091131685,0.0211,sig,0.25,0.21
10/21/19,upper,NPOC_mgCL,dist_cum_m,0,0,2.2746878126152072,0.0354,sig,0.22,0.18
10/21/19,upper,Al_ppb_0.45,dist_cum_m,-4e-4,1e-4,-3.883295474614738,0.001,sig,0.44,0.41
10/21/19,upper,Si_ppb_0.45,dist_cum_m,-0.005,0.0054,-0.9319408750031825,0.3631,not_sig,0.04,-0.01
10/21/19,upper,P_ppb_0.45,dist_cum_m,-1e-4,1e-4,-1.6029353934201844,0.1254,not_sig,0.12,0.07
10/21/19,upper,Mn_ppb_0.45,dist_cum_m,5e-4,3e-4,1.9899010610002819,0.0612,not_sig,0.17,0.13
10/21/19,upper,Fe_ppb_0.45,dist_cum_m,0.0025,0.001,2.585471112091269,0.0181,sig,0.26,0.22
10/21/19,upper,PN,dist_cum_m,-0,0,-1.3030038292094162,0.2081,not_sig,0.08,0.03
10/21/19,upper,DON,dist_cum_m,-0,0,-2.024878854475759,0.0572,not_sig,0.18,0.13
10/21/19,upper,PP,dist_cum_m,-0,0,-1.2903862835632365,0.2124,not_sig,0.08,0.03
10/21/19,upper,DOP,dist_cum_m,-0,0,-0.12663708232403081,0.9006,not_sig,0,-0.05
10/21/19,upper,TN_TP,dist_cum_m,-1e-4,2e-4,-0.5229810128101583,0.607,not_sig,0.01,-0.04
10/21/19,upper,DIN_SRP,dist_cum_m,-0.0022,0.0014,-1.5005664141389217,0.1499,not_sig,0.11,0.06
10/21/19,upper,DOC_TN,dist_cum_m,1e-4,0,3.0733314337622133,0.0066,sig,0.34,0.31
10/21/19,upper,DOC_TP,dist_cum_m,0.0038,0.0021,1.7753417584638869,0.0928,not_sig,0.15,0.1
10/21/19,upper,DOC_DIN,dist_cum_m,-1e-4,1e-4,-1.9756054848851607,0.0637,not_sig,0.18,0.13
10/21/19,upper,DOC_SRP,dist_cum_m,-0.0639,0.0398,-1.606422998747174,0.1256,not_sig,0.13,0.08
10/21/19,lower,temp_c,dist_cum_m,1e-4,0,1.926230920107005,0.0651,not_sig,0.12,0.09
10/21/19,lower,do_per,dist_cum_m,-1e-4,1e-4,-1.5616733069406676,0.1305,not_sig,0.09,0.05
10/21/19,lower,do_mgl,dist_cum_m,-0,0,-6.066928586349108,0,sig,0.59,0.57
10/21/19,lower,spc_uscm,dist_cum_m,0,0,0.37491266082775554,0.7108,not_sig,0.01,-0.03
10/21/19,lower,tds_mgl,dist_cum_m,0,0,1.765674064579471,0.0892,not_sig,0.55,0.54
10/21/19,lower,ph,dist_cum_m,0,0,3.68173523390805,0.0011,sig,0.34,0.32
10/21/19,lower,chla_ugl,dist_cum_m,-0,0,-0.8785154730453982,0.3877,not_sig,0.03,-0.01
10/21/19,lower,fdom_qsu,dist_cum_m,-3e-4,1e-4,-2.2864419127834807,0.0306,sig,0.17,0.14
10/21/19,lower,scan_NO3_mgNL,dist_cum_m,0,0,1.5907626436167916,0.1242,not_sig,0.09,0.06
10/21/19,lower,scan_DOC_mgCL,dist_cum_m,-0,0,-1.3163182896319123,0.2,not_sig,0.06,0.03
10/21/19,lower,NO3_UM,dist_cum_m,-4e-4,1e-4,-3.8177086787529273,0.0124,sig,0.74,0.69
10/21/19,lower,NH4_UM,dist_cum_m,-0,1e-4,-0.6198228009437474,0.5625,not_sig,0.07,-0.11
10/21/19,lower,PO4_UM,dist_cum_m,0,0,0.39386174994502776,0.7099,not_sig,0.03,-0.16
10/21/19,lower,NO3_mgNL,dist_cum_m,-0,0,-3.8082874636685222,0.0125,sig,0.74,0.69
10/21/19,lower,NH4_mgNL,dist_cum_m,-0,0,-1.0313521124457246,0.3497,not_sig,0.18,0.01
10/21/19,lower,PO4_mgPL,dist_cum_m,0,0,0.4836969070839305,0.649,not_sig,0.04,-0.15
10/21/19,lower,TDN_UM,dist_cum_m,5e-4,2e-4,2.1423191745698706,0.0851,not_sig,0.48,0.37
10/21/19,lower,TDN_mgNL,dist_cum_m,0,0,2.1423193149840882,0.0851,not_sig,0.48,0.37
10/21/19,lower,TDP_UM,dist_cum_m,0,0,0.34231491909121464,0.746,not_sig,0.02,-0.17
10/21/19,lower,TDP_mgPL,dist_cum_m,0,0,0.3423149190912103,0.746,not_sig,0.02,-0.17
10/21/19,lower,TN_UM,dist_cum_m,-7e-4,6e-4,-1.1036004913779978,0.32,not_sig,0.2,0.04
10/21/19,lower,TN_mgNL,dist_cum_m,-0,0,-1.1036004816774483,0.32,not_sig,0.2,0.04
10/21/19,lower,TP_UM,dist_cum_m,-0,0,-0.7440056493368142,0.4903,not_sig,0.1,-0.08
10/21/19,lower,TP_mgPL,dist_cum_m,-0,0,-0.7440056493368191,0.4903,not_sig,0.1,-0.08
10/21/19,lower,tss_mgL,dist_cum_m,0,7e-4,0.06596505488764874,0.95,not_sig,0,-0.2
10/21/19,lower,NPOC_mgCL,dist_cum_m,1e-4,1e-4,0.9480516479359715,0.3866,not_sig,0.15,-0.02
10/21/19,lower,Al_ppb_0.45,dist_cum_m,-2e-4,5e-4,-0.41435655448775566,0.6958,not_sig,0.03,-0.16
10/21/19,lower,Si_ppb_0.45,dist_cum_m,-0.0138,0.0189,-0.7282153880258481,0.4991,not_sig,0.1,-0.08
10/21/19,lower,P_ppb_0.45,dist_cum_m,-1e-4,4e-4,-0.3187619502491457,0.7628,not_sig,0.02,-0.18
10/21/19,lower,Mn_ppb_0.45,dist_cum_m,3e-4,1e-4,2.545767496061017,0.0515,not_sig,0.56,0.48
10/21/19,lower,Fe_ppb_0.45,dist_cum_m,0.0014,0.0015,0.917023066369543,0.4012,not_sig,0.14,-0.03
10/21/19,lower,PN,dist_cum_m,-0,0,-1.5183739310001998,0.1894,not_sig,0.32,0.18
10/21/19,lower,DON,dist_cum_m,0,0,2.715701046073683,0.042,sig,0.6,0.52
10/21/19,lower,PP,dist_cum_m,-0,0,-1.280737847059048,0.2565,not_sig,0.25,0.1
10/21/19,lower,DOP,dist_cum_m,-0,0,-0.3039943181112388,0.7734,not_sig,0.02,-0.18
10/21/19,lower,TN_TP,dist_cum_m,1e-4,9e-4,0.12651740102789688,0.9043,not_sig,0,-0.2
10/21/19,lower,DIN_SRP,dist_cum_m,-0.0052,0.0105,-0.49529130762778806,0.6414,not_sig,0.05,-0.14
10/21/19,lower,DOC_TN,dist_cum_m,4e-4,2e-4,1.4876044229818755,0.197,not_sig,0.31,0.17
10/21/19,lower,DOC_TP,dist_cum_m,0.0131,0.0166,0.7930647076874026,0.4637,not_sig,0.11,-0.07
10/21/19,lower,DOC_DIN,dist_cum_m,0.001,3e-4,2.9614041453639244,0.0315,sig,0.64,0.56
10/21/19,lower,DOC_SRP,dist_cum_m,-0.0576,0.2735,-0.2105248870402571,0.8416,not_sig,0.01,-0.19
